videoId,title,publishedAt,duration,viewCount,likeCount,commentCount,thumbnailUrl,publish_date,publish_hour,duration_seconds
z7Qp9Q_Br88,Laughing Gas Is Not So Funny,2026-04-27 14:01:38+00:00,0 days 00:01:15,401691,23148,653,https://i.ytimg.com/vi/z7Qp9Q_Br88/mqdefault.jpg,2026-04-27,14,75
FZbMPtLRr00,Fast-Forward Your Life,2026-04-23 14:00:23+00:00,0 days 00:01:05,521064,20456,842,https://i.ytimg.com/vi/FZbMPtLRr00/mqdefault.jpg,2026-04-23,14,65
dl0-TveDDGA,Our Minds Are Weirder than You Think,2026-04-21 14:00:01+00:00,0 days 00:12:22,1619270,82030,3139,https://i.ytimg.com/vi/dl0-TveDDGA/mqdefault.jpg,2026-04-21,14,742
VYhUa3WC4nU,Why Being Poor Is Expensive,2026-04-16 14:00:55+00:00,0 days 00:01:13,1570910,99626,3023,https://i.ytimg.com/vi/VYhUa3WC4nU/mqdefault.jpg,2026-04-16,14,73
lRvN5SJR2LQ,How Caffeine Works,2026-04-13 14:01:13+00:00,0 days 00:01:12,801799,39387,828,https://i.ytimg.com/vi/lRvN5SJR2LQ/mqdefault.jpg,2026-04-13,14,72
onFj_RD75nA,The World’s Deadliest Diseases,2026-04-09 14:01:19+00:00,0 days 00:01:12,667484,32589,769,https://i.ytimg.com/vi/onFj_RD75nA/mqdefault.jpg,2026-04-09,14,72
h3DCdWyb0cc,The Most Insane Megaproject You Never Heard About,2026-03-30 14:00:12+00:00,0 days 00:13:06,2908716,107900,4855,https://i.ytimg.com/vi/h3DCdWyb0cc/mqdefault.jpg,2026-03-30,14,786
MX_r0KsMpho,Spaceships Powered by Nukes,2026-03-23 15:00:38+00:00,0 days 00:01:09,987880,42413,850,https://i.ytimg.com/vi/MX_r0KsMpho/mqdefault.jpg,2026-03-23,15,69
NXhKuMQRAZ4,Queen Ant Clones Another Species,2026-03-16 15:00:43+00:00,0 days 00:01:10,601198,31064,494,https://i.ytimg.com/vi/NXhKuMQRAZ4/mqdefault.jpg,2026-03-16,15,70
yDAAlojz8NU,This Is the Scariest Place in The Universe,2026-03-10 15:00:01+00:00,0 days 00:09:14,6577734,240517,9375,https://i.ytimg.com/vi/yDAAlojz8NU/mqdefault.jpg,2026-03-10,15,554
iZ9ImJQy9V4,The Injection That Stops HIV,2026-03-09 15:01:12+00:00,0 days 00:01:06,848082,42847,779,https://i.ytimg.com/vi/iZ9ImJQy9V4/mqdefault.jpg,2026-03-09,15,66
5Xd38M9zTjM,Let’s Tie All Planets Together,2026-03-07 15:00:07+00:00,0 days 00:00:59,2105986,51109,851,https://i.ytimg.com/vi/5Xd38M9zTjM/mqdefault.jpg,2026-03-07,15,59
YHlqwkdVda8,Who Owns Your Drinking Water?,2026-03-05 15:01:05+00:00,0 days 00:01:14,1815690,81843,1622,https://i.ytimg.com/vi/YHlqwkdVda8/mqdefault.jpg,2026-03-05,15,74
MP4RUzRnobg,This Parasite Won’t Die,2026-02-26 15:00:39+00:00,0 days 00:01:09,951458,43115,736,https://i.ytimg.com/vi/MP4RUzRnobg/mqdefault.jpg,2026-02-26,15,69
KTu2V65Iiho,Why Does Cocaine Feel So Good?,2026-02-19 15:00:37+00:00,0 days 00:01:12,2816637,181136,3112,https://i.ytimg.com/vi/KTu2V65Iiho/mqdefault.jpg,2026-02-19,15,72
qPSxUkssPmc,Why Is Polio Back?,2026-02-16 15:02:57+00:00,0 days 00:01:16,1407414,73475,2058,https://i.ytimg.com/vi/qPSxUkssPmc/mqdefault.jpg,2026-02-16,15,76
5EPPBDdhe6o,The Worm with 4 Nobel Prizes,2026-02-14 15:00:15+00:00,0 days 00:01:06,1438251,76059,934,https://i.ytimg.com/vi/5EPPBDdhe6o/mqdefault.jpg,2026-02-14,15,66
dwZgy7SNMRc,The Virus We Almost Beat,2026-02-11 15:01:13+00:00,0 days 00:01:19,2296188,109198,2748,https://i.ytimg.com/vi/dwZgy7SNMRc/mqdefault.jpg,2026-02-11,15,79
mWN2IefeJow,The Lake That Killed a Village,2026-02-09 15:01:20+00:00,0 days 00:01:15,983447,46105,671,https://i.ytimg.com/vi/mWN2IefeJow/mqdefault.jpg,2026-02-09,15,75
bRkxPsuVEeU,Zombie Proteins in Your Brain!,2026-01-29 17:41:55+00:00,0 days 00:01:12,854251,40856,653,https://i.ytimg.com/vi/bRkxPsuVEeU/mqdefault.jpg,2026-01-29,17,72
zg40FHOAqC0,Jupiter Made Earth Possible,2026-01-22 15:01:42+00:00,0 days 00:01:12,1938582,83880,1638,https://i.ytimg.com/vi/zg40FHOAqC0/mqdefault.jpg,2026-01-22,15,72
D0WQK7cMJn8,We Made A New Channel!,2026-01-16 15:30:05+00:00,0 days 00:03:03,2051412,85538,2553,https://i.ytimg.com/vi/D0WQK7cMJn8/mqdefault.jpg,2026-01-16,15,183
OU36JDGzXb0,Planets Around Black Holes,2026-01-15 15:00:45+00:00,0 days 00:01:16,2118022,88015,1468,https://i.ytimg.com/vi/OU36JDGzXb0/mqdefault.jpg,2026-01-15,15,76
hDU9WcmQA2E,Let’s Cook a Planet!,2026-01-12 15:01:31+00:00,0 days 00:01:11,3123270,162018,3854,https://i.ytimg.com/vi/hDU9WcmQA2E/mqdefault.jpg,2026-01-12,15,71
sravy3Vjdlw,Nature’s Ultimate Impostor,2026-01-08 15:01:44+00:00,0 days 00:01:21,1341424,70766,971,https://i.ytimg.com/vi/sravy3Vjdlw/mqdefault.jpg,2026-01-08,15,81
pHJIhxZEoxg,Why Are There No Holes Around Trees?,2026-01-07 15:00:13+00:00,0 days 00:11:21,4027941,163949,4671,https://i.ytimg.com/vi/pHJIhxZEoxg/mqdefault.jpg,2026-01-07,15,681
UnrtLi7YIY4,We Made A New Journal,2025-12-30 15:01:04+00:00,0 days 00:01:17,287094,9036,477,https://i.ytimg.com/vi/UnrtLi7YIY4/mqdefault.jpg,2025-12-30,15,77
UC5Mpc-GQCg,The Moon’s Invisible Threat,2025-12-18 15:00:53+00:00,0 days 00:01:25,3958227,178669,2147,https://i.ytimg.com/vi/UC5Mpc-GQCg/mqdefault.jpg,2025-12-18,15,85
H4KMQuyxH_Y,Tattoo Removal Is Insane,2025-12-12 15:00:02+00:00,0 days 00:12:54,3428973,114223,5882,https://i.ytimg.com/vi/H4KMQuyxH_Y/mqdefault.jpg,2025-12-12,15,774
1bQsvHqSfpU,How to Destroy a Black Hole,2025-12-11 15:00:03+00:00,0 days 00:02:28,1604355,96897,1878,https://i.ytimg.com/vi/1bQsvHqSfpU/mqdefault.jpg,2025-12-11,15,148
KNwMiydCYA4,All Of Human History In One Hour,2025-12-05 15:00:03+00:00,0 days 01:03:23,3128502,110118,5900,https://i.ytimg.com/vi/KNwMiydCYA4/mqdefault.jpg,2025-12-05,15,3803
T6tCY6SOSXo,Does Legalizing Drugs Help?,2025-12-04 15:00:57+00:00,0 days 00:01:30,2426636,182404,2536,https://i.ytimg.com/vi/T6tCY6SOSXo/mqdefault.jpg,2025-12-04,15,90
zozEm4f_dlw,Astronomy Is In Crisis...And It's Incredibly Exciting,2025-12-02 15:00:05+00:00,0 days 00:11:28,4998424,220186,13902,https://i.ytimg.com/vi/zozEm4f_dlw/mqdefault.jpg,2025-12-02,15,688
omNvSHfIv7s,Will Fungi Infect Us All?,2025-11-27 15:01:45+00:00,0 days 00:00:56,2212110,94004,1504,https://i.ytimg.com/vi/omNvSHfIv7s/mqdefault.jpg,2025-11-27,15,56
ZSch_NgZpQs,Trees Are So Weird,2025-11-25 15:00:10+00:00,0 days 00:11:27,6145398,247567,7170,https://i.ytimg.com/vi/ZSch_NgZpQs/mqdefault.jpg,2025-11-25,15,687
fAkMppZZiSI,How Big Is a Human Cube?,2025-11-20 15:01:25+00:00,0 days 00:00:55,1168516,43256,621,https://i.ytimg.com/vi/fAkMppZZiSI/mqdefault.jpg,2025-11-20,15,55
sOsqXKr4l30,The Fat Problem,2025-11-18 15:00:06+00:00,0 days 00:11:36,4043549,175407,6745,https://i.ytimg.com/vi/sOsqXKr4l30/mqdefault.jpg,2025-11-18,15,696
OxOx6--oN8I,The Most Dangerous Animal,2025-11-13 15:00:50+00:00,0 days 00:01:01,1645621,63783,1886,https://i.ytimg.com/vi/OxOx6--oN8I/mqdefault.jpg,2025-11-13,15,61
Mo1A45ShcMo,You're More Stressed Than Ever - Let's Change That,2025-11-11 15:00:05+00:00,0 days 00:11:58,4608503,244161,7994,https://i.ytimg.com/vi/Mo1A45ShcMo/mqdefault.jpg,2025-11-11,15,718
nDKHvoo4f-8,You Are Everyone,2025-11-06 15:01:24+00:00,0 days 00:01:36,1498827,103370,2799,https://i.ytimg.com/vi/nDKHvoo4f-8/mqdefault.jpg,2025-11-06,15,96
Brm71uCWr-I,You Need To Quit Weed.,2025-11-04 16:10:02+00:00,0 days 00:12:42,4088777,188841,29373,https://i.ytimg.com/vi/Brm71uCWr-I/mqdefault.jpg,2025-11-04,16,762
pt0iG95Fsmc,Let’s Cause a Country-Wide Blackout!,2025-10-30 14:31:41+00:00,0 days 00:01:13,923006,49170,1052,https://i.ytimg.com/vi/pt0iG95Fsmc/mqdefault.jpg,2025-10-30,14,73
Ghy3qRR6kiw,Touchscreens – How Do They Work?,2025-10-23 14:00:34+00:00,0 days 00:00:51,1450116,65862,635,https://i.ytimg.com/vi/Ghy3qRR6kiw/mqdefault.jpg,2025-10-23,14,51
cE0zgN6pYOc,"Dig Deep, Power a City",2025-10-16 14:00:58+00:00,0 days 00:01:11,1611824,70032,1219,https://i.ytimg.com/vi/cE0zgN6pYOc/mqdefault.jpg,2025-10-16,14,71
ty0WVFjOkok,What If Earth Suddenly Turned Into Gold?,2025-10-09 14:01:52+00:00,0 days 00:01:33,2115443,84522,955,https://i.ytimg.com/vi/ty0WVFjOkok/mqdefault.jpg,2025-10-09,14,93
_zfN9wnPvU0,AI Slop Is Destroying The Internet,2025-10-07 14:00:17+00:00,0 days 00:09:52,9986386,778257,38036,https://i.ytimg.com/vi/_zfN9wnPvU0/mqdefault.jpg,2025-10-07,14,592
mxG0ts7qmq0,How to Bottle a Star,2025-10-02 14:01:14+00:00,0 days 00:01:07,1205927,55230,801,https://i.ytimg.com/vi/mxG0ts7qmq0/mqdefault.jpg,2025-10-02,14,67
VMm-U2pHrXE,We Found a Loophole to Survive the End of the Universe,2025-09-30 14:00:03+00:00,0 days 00:12:42,3809870,145773,8748,https://i.ytimg.com/vi/VMm-U2pHrXE/mqdefault.jpg,2025-09-30,14,762
V7wlYQ2_Q8o,This Is the Deadliest Virus on Earth,2025-09-25 14:00:50+00:00,0 days 00:00:53,2236464,94768,1253,https://i.ytimg.com/vi/V7wlYQ2_Q8o/mqdefault.jpg,2025-09-25,14,53
Zpq1GbPqhy4,Pregnancy is Insane,2025-09-23 14:00:25+00:00,0 days 00:13:16,3027086,137496,10819,https://i.ytimg.com/vi/Zpq1GbPqhy4/mqdefault.jpg,2025-09-23,14,796
ByD__-ECSeI,Can We Run on Renewables?,2025-09-18 14:00:22+00:00,0 days 00:01:08,602134,29058,1072,https://i.ytimg.com/vi/ByD__-ECSeI/mqdefault.jpg,2025-09-18,14,68
dKm7T13X7n4,Can Humanity Stop A Planet-Killing Asteroid?,2025-09-16 14:00:03+00:00,0 days 00:12:44,7095697,174972,8530,https://i.ytimg.com/vi/dKm7T13X7n4/mqdefault.jpg,2025-09-16,14,764
XFODuRPv8Yw,Our PC Game Is Finally Here!,2025-09-10 15:30:31+00:00,0 days 00:01:08,714390,43737,1315,https://i.ytimg.com/vi/XFODuRPv8Yw/mqdefault.jpg,2025-09-10,15,68
XunabxHzMuM,This Game Took Us Two Years To Make,2025-09-10 15:00:45+00:00,0 days 00:01:09,670361,33223,1753,https://i.ytimg.com/vi/XunabxHzMuM/mqdefault.jpg,2025-09-10,15,69
K1J9LNElrso,What If a Massive Solar Storm Hits Earth?,2025-09-04 14:00:27+00:00,0 days 00:00:56,2127294,80784,954,https://i.ytimg.com/vi/K1J9LNElrso/mqdefault.jpg,2025-09-04,14,56
gtDKKJq9u30,The Dumbest Animal Alive,2025-09-02 14:00:01+00:00,0 days 00:11:05,4791597,191216,10567,https://i.ytimg.com/vi/gtDKKJq9u30/mqdefault.jpg,2025-09-02,14,665
LbARorLmhsc,Would You Upload Your Mind?,2025-08-28 14:00:36+00:00,0 days 00:00:57,659152,25655,1326,https://i.ytimg.com/vi/LbARorLmhsc/mqdefault.jpg,2025-08-28,14,57
UNunBadMlHQ,We Won’t Explore the Galaxy...,2025-08-21 14:00:55+00:00,0 days 00:01:01,1108326,57549,1469,https://i.ytimg.com/vi/UNunBadMlHQ/mqdefault.jpg,2025-08-21,14,61
u4LUix-BU0s,The Drug To Master Reality,2025-08-19 14:00:01+00:00,0 days 00:11:19,4417834,184330,11630,https://i.ytimg.com/vi/u4LUix-BU0s/mqdefault.jpg,2025-08-19,14,679
aOwmt39L2IQ,Alcohol is AMAZING,2025-08-12 14:00:08+00:00,0 days 00:14:12,5928234,275088,18689,https://i.ytimg.com/vi/aOwmt39L2IQ/mqdefault.jpg,2025-08-12,14,852
x7IrzHMxEMM,POV: A Nuclear War Just Started,2025-08-07 14:47:59+00:00,0 days 00:02:41,3751542,258771,7589,https://i.ytimg.com/vi/x7IrzHMxEMM/mqdefault.jpg,2025-08-07,14,161
3D9uIn2oBLI,Which One Are You?,2025-07-31 15:05:22+00:00,0 days 00:00:57,3332857,146978,4251,https://i.ytimg.com/vi/3D9uIn2oBLI/mqdefault.jpg,2025-07-31,15,57
7wK4peez9zE,Let's Kill You a Billion Times to Make You Immortal,2025-07-29 14:00:02+00:00,0 days 00:11:50,4526597,157024,9802,https://i.ytimg.com/vi/7wK4peez9zE/mqdefault.jpg,2025-07-29,14,710
IZ55YvFE960,The 5 Times Life on Earth Almost Ended,2025-07-24 14:00:34+00:00,0 days 00:02:50,2820911,165834,2202,https://i.ytimg.com/vi/IZ55YvFE960/mqdefault.jpg,2025-07-24,14,170
xP2tHAXjZhI,How many organs can YOU live without? Turns out: More than we thought.,2025-07-17 14:01:35+00:00,0 days 00:01:15,4989431,183810,2269,https://i.ytimg.com/vi/xP2tHAXjZhI/mqdefault.jpg,2025-07-17,14,75
rHQeg5EtqDQ,Invisible Extinction From Space – Gamma Ray Bursts,2025-07-10 14:01:31+00:00,0 days 00:00:59,1180762,45482,547,https://i.ytimg.com/vi/rHQeg5EtqDQ/mqdefault.jpg,2025-07-10,14,59
2ukNLhC8N4Y,Some Galaxies Move Faster Than the Speed of Light,2025-07-10 14:00:05+00:00,0 days 00:00:48,1002220,37148,634,https://i.ytimg.com/vi/2ukNLhC8N4Y/mqdefault.jpg,2025-07-10,14,48
efOW5NUTYB8,When Your Body Attacks Itself – Autoimmune,2025-07-01 14:00:01+00:00,0 days 00:10:55,3173305,113678,5540,https://i.ytimg.com/vi/efOW5NUTYB8/mqdefault.jpg,2025-07-01,14,655
EJoJzLaIcEc,How the Universe Might End,2025-06-26 16:14:41+00:00,0 days 00:02:59,2339967,123012,2868,https://i.ytimg.com/vi/EJoJzLaIcEc/mqdefault.jpg,2025-06-26,16,179
6TcFvx8ajD4,Why Do Planets Rotate in a Disk?,2025-06-19 14:00:18+00:00,0 days 00:01:01,1507643,56601,902,https://i.ytimg.com/vi/6TcFvx8ajD4/mqdefault.jpg,2025-06-19,14,61
Ce9kHZQk3MI,Test Our PC Game – Star Birds Demo Out Now!,2025-06-09 17:00:14+00:00,0 days 00:00:47,569883,28850,946,https://i.ytimg.com/vi/Ce9kHZQk3MI/mqdefault.jpg,2025-06-09,17,47
zxq60I5RSW8,How Nuclear Flies Protect You from Flesh-Eating Parasites,2025-06-03 14:00:05+00:00,0 days 00:11:20,6169943,167473,8892,https://i.ytimg.com/vi/zxq60I5RSW8/mqdefault.jpg,2025-06-03,14,680
o7aXV_PV4ss,Dozens of Nukes Are Missing. Why? HOW?,2025-05-29 14:01:14+00:00,0 days 00:01:01,2819924,107361,1615,https://i.ytimg.com/vi/o7aXV_PV4ss/mqdefault.jpg,2025-05-29,14,61
m6KnVTYtSc0,Why Does Fentanyl Feel So Good?,2025-05-20 14:00:01+00:00,0 days 00:14:58,9165971,359928,22113,https://i.ytimg.com/vi/m6KnVTYtSc0/mqdefault.jpg,2025-05-20,14,898
kYOkrswU1KE,Panic Attacks Explained in 60 Seconds,2025-05-15 14:01:09+00:00,0 days 00:01:01,1185469,63973,1080,https://i.ytimg.com/vi/kYOkrswU1KE/mqdefault.jpg,2025-05-15,14,61
tRXy-b6_lBc,What If It Rains Bananas For A Single Day? (Spoiler: It's Bad),2025-05-06 14:00:01+00:00,0 days 00:11:16,5257628,158995,10726,https://i.ytimg.com/vi/tRXy-b6_lBc/mqdefault.jpg,2025-05-06,14,676
MDZ2iWN0ZSI,Heat Affects Who Gets Born,2025-05-01 14:00:28+00:00,0 days 00:00:59,870306,29408,764,https://i.ytimg.com/vi/MDZ2iWN0ZSI/mqdefault.jpg,2025-05-01,14,59
NYNBAxDfgrY,Your Time Machine Broke - At The Worst Time In History,2025-04-22 14:00:01+00:00,0 days 00:12:53,5871241,197618,7883,https://i.ytimg.com/vi/NYNBAxDfgrY/mqdefault.jpg,2025-04-22,14,773
UjAJ2jKH_QM,Why Do We Itch?,2025-04-17 14:00:44+00:00,0 days 00:01:01,7073318,309572,5402,https://i.ytimg.com/vi/UjAJ2jKH_QM/mqdefault.jpg,2025-04-17,14,61
eGU9Bvl7VvQ,Your Spacesuit Fails – What Now?,2025-04-10 14:01:02+00:00,0 days 00:01:11,2504259,89300,866,https://i.ytimg.com/vi/eGU9Bvl7VvQ/mqdefault.jpg,2025-04-10,14,71
Ufmu1WD2TSk,SOUTH KOREA IS OVER,2025-04-02 14:00:03+00:00,0 days 00:14:47,15270049,500142,76684,https://i.ytimg.com/vi/Ufmu1WD2TSk/mqdefault.jpg,2025-04-02,14,887
PHI07XtbfVA,Bird Flu Simulator,2025-03-27 15:00:36+00:00,0 days 00:01:10,3412523,145349,1643,https://i.ytimg.com/vi/PHI07XtbfVA/mqdefault.jpg,2025-03-27,15,70
wo_e0EvEZn8,Why Your Brain Blinds You For 2 Hours Every Day,2025-03-18 15:00:01+00:00,0 days 00:12:34,7296722,318017,15764,https://i.ytimg.com/vi/wo_e0EvEZn8/mqdefault.jpg,2025-03-18,15,754
joYJahY4FUI,What If Continents and Oceans Switched Places?,2025-03-13 15:01:01+00:00,0 days 00:01:36,9145876,542008,2937,https://i.ytimg.com/vi/joYJahY4FUI/mqdefault.jpg,2025-03-13,15,96
FPZuklD9eRg,How Radioactive Are Your Teeth?,2025-03-06 15:00:30+00:00,0 days 00:02:15,7676670,431725,4077,https://i.ytimg.com/vi/FPZuklD9eRg/mqdefault.jpg,2025-03-06,15,135
5sVfTPaxRwk,If You Eat Meat You Should Know This,2025-02-25 15:00:01+00:00,0 days 00:15:30,5978204,266413,26245,https://i.ytimg.com/vi/5sVfTPaxRwk/mqdefault.jpg,2025-02-25,15,930
XQQkHLW8b3Y,How to Clean Up Space Debris,2025-02-20 15:00:44+00:00,0 days 00:00:54,1095227,58662,711,https://i.ytimg.com/vi/XQQkHLW8b3Y/mqdefault.jpg,2025-02-20,15,54
KmgRBiRMmAU,What Falling in Love Does to You,2025-02-14 15:00:23+00:00,0 days 00:00:53,1523352,106136,2208,https://i.ytimg.com/vi/KmgRBiRMmAU/mqdefault.jpg,2025-02-14,15,53
dCiMUWw1BBc,What Actual Aliens Might Look Like,2025-02-04 15:00:01+00:00,0 days 00:15:53,10199483,265312,9094,https://i.ytimg.com/vi/dCiMUWw1BBc/mqdefault.jpg,2025-02-04,15,953
RLEvo3I5C6w,How Chicken Heads Stopped Rabies,2025-01-30 15:00:35+00:00,0 days 00:01:35,3803065,256266,1341,https://i.ytimg.com/vi/RLEvo3I5C6w/mqdefault.jpg,2025-01-30,15,95
UyUm3KEnZxE,Are You a Machine?,2025-01-23 15:00:40+00:00,0 days 00:02:10,3322073,285574,3979,https://i.ytimg.com/vi/UyUm3KEnZxE/mqdefault.jpg,2025-01-23,15,130
oR3Q7RntqEw,Whales Evolved from This Animal,2025-01-16 15:01:09+00:00,0 days 00:02:31,4784412,373634,7591,https://i.ytimg.com/vi/oR3Q7RntqEw/mqdefault.jpg,2025-01-16,15,151
0pyGPK3fG4U,Your Brain Deletes Your Childhood Memories,2025-01-09 15:00:02+00:00,0 days 00:01:02,1827535,107822,1738,https://i.ytimg.com/vi/0pyGPK3fG4U/mqdefault.jpg,2025-01-09,15,62
mCAm38dSD78,Lightning: Nature’s Plasma Highway,2025-01-02 15:00:56+00:00,0 days 00:01:00,2044533,150075,2200,https://i.ytimg.com/vi/mCAm38dSD78/mqdefault.jpg,2025-01-02,15,60
Pkbhn8sIWuw,How EXACTLY Does Beaming Work?,2024-12-26 15:00:34+00:00,0 days 00:00:55,2500333,164158,3282,https://i.ytimg.com/vi/Pkbhn8sIWuw/mqdefault.jpg,2024-12-26,15,55
vC9BeyIlcYo,Do We See the Same Colors?,2024-12-19 15:01:08+00:00,0 days 00:00:55,2641334,158923,2496,https://i.ytimg.com/vi/vC9BeyIlcYo/mqdefault.jpg,2024-12-19,15,55
9zCH37330f8,The Real Reason Why You Have Allergies,2024-12-12 15:00:04+00:00,0 days 00:12:30,7566398,211757,7605,https://i.ytimg.com/vi/9zCH37330f8/mqdefault.jpg,2024-12-12,15,750
reSfF60-2S4,Is The World Getting More Violent?,2024-12-10 15:00:01+00:00,0 days 00:12:57,4611117,200147,26730,https://i.ytimg.com/vi/reSfF60-2S4/mqdefault.jpg,2024-12-10,15,777
BmUZ2wp1lM8,Black Hole's Evil Twin - Gravastars Explained,2024-12-03 15:00:04+00:00,0 days 00:13:31,8921478,251422,10689,https://i.ytimg.com/vi/BmUZ2wp1lM8/mqdefault.jpg,2024-12-03,15,811
ecIwfilIkTY,Let's Climb a Ladder to Space – Will We Float or Fall?,2024-11-28 15:00:44+00:00,0 days 00:02:31,4787364,361575,3078,https://i.ytimg.com/vi/ecIwfilIkTY/mqdefault.jpg,2024-11-28,15,151
cHEOsKddURQ,Vaping Is Too Good To Be True,2024-11-19 15:00:01+00:00,0 days 00:13:54,8438503,324619,16100,https://i.ytimg.com/vi/cHEOsKddURQ/mqdefault.jpg,2024-11-19,15,834
qBRaI0ZeAf8,We Have To Talk About Weed,2024-11-12 14:59:35+00:00,0 days 00:14:42,12216970,494164,33726,https://i.ytimg.com/vi/qBRaI0ZeAf8/mqdefault.jpg,2024-11-12,14,882
E55uSCO5D2w,The Most Insane Weapon You Never Heard About,2024-11-05 15:00:02+00:00,0 days 00:13:56,14052219,338379,15424,https://i.ytimg.com/vi/E55uSCO5D2w/mqdefault.jpg,2024-11-05,15,836
bgo7rm5Maqg,We Fell For The Oldest Lie On The Internet,2024-10-29 15:00:09+00:00,0 days 00:13:08,8751544,431390,15280,https://i.ytimg.com/vi/bgo7rm5Maqg/mqdefault.jpg,2024-10-29,15,788
v6WMAD5wNKs,How to Survive a Parachute Jump Without a Parachute,2024-10-24 14:04:05+00:00,0 days 00:00:58,8063379,430431,3098,https://i.ytimg.com/vi/v6WMAD5wNKs/mqdefault.jpg,2024-10-24,14,58
tDStIeOWc40,What Is Mpox? And How Dangerous Is It?,2024-10-17 14:00:55+00:00,0 days 00:00:59,4960818,280047,3335,https://i.ytimg.com/vi/tDStIeOWc40/mqdefault.jpg,2024-10-17,14,59
c1nYtX-NUsc,Tired of Doomscrolling?,2024-10-08 13:59:36+00:00,0 days 00:09:14,6318526,296783,12265,https://i.ytimg.com/vi/c1nYtX-NUsc/mqdefault.jpg,2024-10-08,13,554
VD6xJq8NguY,There Is Life Hiding Inside Earth,2024-10-03 13:59:15+00:00,0 days 00:11:28,8361605,234366,8349,https://i.ytimg.com/vi/VD6xJq8NguY/mqdefault.jpg,2024-10-03,13,688
oTx-GSF3cts,This Video Might Save 58 Lives Next Week,2024-09-24 15:00:04+00:00,0 days 00:13:39,5491217,398602,24932,https://i.ytimg.com/vi/oTx-GSF3cts/mqdefault.jpg,2024-09-24,15,819
SbvAaDN1bpE,Why Scientists Are Puzzled By This Virus,2024-09-17 14:00:08+00:00,0 days 00:10:44,5360896,188223,4571,https://i.ytimg.com/vi/SbvAaDN1bpE/mqdefault.jpg,2024-09-17,14,644
vSSkDos2hzo,We Need to Rethink Exercise (Updated Version),2024-09-12 14:01:11+00:00,0 days 00:13:08,5551608,185340,6349,https://i.ytimg.com/vi/vSSkDos2hzo/mqdefault.jpg,2024-09-12,14,788
dIpttD7b8B4,Why Do Puddles Disappear but Lakes Don’t?,2024-09-12 14:00:39+00:00,0 days 00:00:57,5882044,375280,1519,https://i.ytimg.com/vi/dIpttD7b8B4/mqdefault.jpg,2024-09-12,14,57
_kelDJFjhOo,The Perfect Sofa – According to Science,2024-09-05 14:00:37+00:00,0 days 00:00:55,8232492,420654,3414,https://i.ytimg.com/vi/_kelDJFjhOo/mqdefault.jpg,2024-09-05,14,55
49ApsH6lzk0,This Happens When You Get a Tattoo,2024-08-29 14:00:05+00:00,0 days 00:00:49,3271276,196287,2138,https://i.ytimg.com/vi/49ApsH6lzk0/mqdefault.jpg,2024-08-29,14,49
dBxxi5XAm3U,We Traveled Back in Time. Now Physicists Are Angry.,2024-08-27 14:00:00+00:00,0 days 00:11:20,8801508,275773,9838,https://i.ytimg.com/vi/dBxxi5XAm3U/mqdefault.jpg,2024-08-27,14,680
W-x9d-nhal4,Fentanyl Explained,2024-08-22 14:00:28+00:00,0 days 00:00:59,10991647,790967,13448,https://i.ytimg.com/vi/W-x9d-nhal4/mqdefault.jpg,2024-08-22,14,59
cRZOUcpiOxY,"Fever Feels Horrible, but is Actually Awesome!",2024-08-13 14:00:01+00:00,0 days 00:11:08,10439709,351796,12287,https://i.ytimg.com/vi/cRZOUcpiOxY/mqdefault.jpg,2024-08-13,14,668
fa8k8IQ1_X0,A.I. ‐ Humanity's Final Invention?,2024-08-06 14:00:09+00:00,0 days 00:16:43,11784670,312855,21430,https://i.ytimg.com/vi/fa8k8IQ1_X0/mqdefault.jpg,2024-08-06,14,1003
hX_acKX1G2Y,The Sun is NOT Yellow!,2024-08-01 14:00:40+00:00,0 days 00:01:00,4916167,304661,4716,https://i.ytimg.com/vi/hX_acKX1G2Y/mqdefault.jpg,2024-08-01,14,60
xswF0mRay_8,Can Our Universe Destroy Itself?,2024-07-25 14:00:54+00:00,0 days 00:00:54,2080334,124283,1047,https://i.ytimg.com/vi/xswF0mRay_8/mqdefault.jpg,2024-07-25,14,54
92Y7SCDgCLg,Can We Stop the Extinction?,2024-07-11 14:00:13+00:00,0 days 00:00:59,2842565,165866,3774,https://i.ytimg.com/vi/92Y7SCDgCLg/mqdefault.jpg,2024-07-11,14,59
n2sn4kkkGQM,The Deadly Power of a Coin-Sized Black Hole,2024-07-04 14:00:42+00:00,0 days 00:00:56,19233441,912617,6428,https://i.ytimg.com/vi/n2sn4kkkGQM/mqdefault.jpg,2024-07-04,14,56
GFLb5h2O2Ww,This Disease is Deadlier Than The Plague,2024-06-25 14:00:01+00:00,0 days 00:10:53,10582756,457164,18010,https://i.ytimg.com/vi/GFLb5h2O2Ww/mqdefault.jpg,2024-06-25,14,653
_z7DkeP5WNg,Our Brains Are Not Special. But Why Are We?,2024-06-20 14:00:29+00:00,0 days 00:00:49,8357250,511600,4740,https://i.ytimg.com/vi/_z7DkeP5WNg/mqdefault.jpg,2024-06-20,14,49
fcIWyctZVTM,We Are Making a VIDEO GAME,2024-06-13 13:00:47+00:00,0 days 00:01:00,860006,77537,1888,https://i.ytimg.com/vi/fcIWyctZVTM/mqdefault.jpg,2024-06-13,13,60
UebSfjmQNvs,Do You Have a Free Will?,2024-06-11 14:00:01+00:00,0 days 00:12:18,6340620,275297,20639,https://i.ytimg.com/vi/UebSfjmQNvs/mqdefault.jpg,2024-06-11,14,738
3DFE8gZe9bA,We Are Making a VIDEO GAME,2024-06-09 20:08:11+00:00,0 days 00:01:01,1916496,130306,7466,https://i.ytimg.com/vi/3DFE8gZe9bA/mqdefault.jpg,2024-06-09,20,61
J8imlz6Lki8,Something Travels Faster than Light,2024-06-06 14:00:19+00:00,0 days 00:00:52,8042351,439145,5376,https://i.ytimg.com/vi/J8imlz6Lki8/mqdefault.jpg,2024-06-06,14,52
BLW4hCFwSXE,How Old Can You Get?,2024-05-30 14:00:07+00:00,0 days 00:00:58,10901659,564179,6214,https://i.ytimg.com/vi/BLW4hCFwSXE/mqdefault.jpg,2024-05-30,14,58
itBBsQRv0EU,Your Hidden Superpower,2024-05-28 14:00:01+00:00,0 days 00:01:47,1363897,39588,1454,https://i.ytimg.com/vi/itBBsQRv0EU/mqdefault.jpg,2024-05-28,14,107
71eUes30gwc,This Black Hole Could be Bigger Than The Universe,2024-05-21 14:00:02+00:00,0 days 00:11:44,8876009,279970,13456,https://i.ytimg.com/vi/71eUes30gwc/mqdefault.jpg,2024-05-21,14,704
i8wAjC69ZuY,Why Is the Night Sky Black?,2024-05-16 14:00:29+00:00,0 days 00:00:58,5026942,357655,3208,https://i.ytimg.com/vi/i8wAjC69ZuY/mqdefault.jpg,2024-05-16,14,58
_rBPwu2uS-w,Smoking is Awesome,2024-05-07 14:00:02+00:00,0 days 00:11:45,12681637,604413,36860,https://i.ytimg.com/vi/_rBPwu2uS-w/mqdefault.jpg,2024-05-07,14,705
W6-BGkuA2Gc,Why You Need a Space Elevator And How You Can Build One,2024-05-02 14:00:15+00:00,0 days 00:00:58,2491659,163155,1832,https://i.ytimg.com/vi/W6-BGkuA2Gc/mqdefault.jpg,2024-05-02,14,58
OvKr6loCciE,What Makes Kurzgesagt So Special?,2024-04-30 14:00:02+00:00,0 days 00:02:10,1117562,66574,2246,https://i.ytimg.com/vi/OvKr6loCciE/mqdefault.jpg,2024-04-30,14,130
BNAgDOZCydY,How You Can Live Forever... Maybe.,2024-04-25 14:00:13+00:00,0 days 00:01:00,13897178,584457,5232,https://i.ytimg.com/vi/BNAgDOZCydY/mqdefault.jpg,2024-04-25,14,60
S-gRXjKUnVs,Let’s Go on a Fantastical Journey,2024-04-18 14:00:30+00:00,0 days 00:00:55,1709184,116191,649,https://i.ytimg.com/vi/S-gRXjKUnVs/mqdefault.jpg,2024-04-18,14,55
L_JQOH1tEEA,There Are Thousands of Alien Empires in The Milky Way,2024-04-16 14:00:03+00:00,0 days 00:13:59,8749577,243304,12601,https://i.ytimg.com/vi/L_JQOH1tEEA/mqdefault.jpg,2024-04-16,14,839
LFfFlYQfXh0,Let's Cook a Galaxy,2024-04-11 14:00:23+00:00,0 days 00:00:59,5494388,284087,6726,https://i.ytimg.com/vi/LFfFlYQfXh0/mqdefault.jpg,2024-04-11,14,59
DRjmRNsPl1M,ONE Gene Determines How Many Fingers You Have,2024-04-04 14:00:09+00:00,0 days 00:00:55,10643271,518959,8482,https://i.ytimg.com/vi/DRjmRNsPl1M/mqdefault.jpg,2024-04-04,14,55
pjoQdz0nxf4,How The Dinosaurs Actually Died,2024-03-26 14:59:10+00:00,0 days 00:11:40,8610469,223011,9031,https://i.ytimg.com/vi/pjoQdz0nxf4/mqdefault.jpg,2024-03-26,14,700
cUD8Nt0JDlw,YOU Own the Moon. And Mars. And Venus.,2024-03-21 15:00:27+00:00,0 days 00:01:00,6057617,356717,3902,https://i.ytimg.com/vi/cUD8Nt0JDlw/mqdefault.jpg,2024-03-21,15,60
8ILQMRr1-8M,AI Can Literally Lend You a Hand,2024-03-14 15:00:10+00:00,0 days 00:00:54,5895826,371365,3894,https://i.ytimg.com/vi/8ILQMRr1-8M/mqdefault.jpg,2024-03-14,15,54
i981tDgvhPg,Will Europe Freeze over When the Gulf Stream Stops?,2024-03-07 15:00:38+00:00,0 days 00:00:56,2916499,180311,2238,https://i.ytimg.com/vi/i981tDgvhPg/mqdefault.jpg,2024-03-07,15,56
Oj_OwYR9jGQ,What Does the Moon Smell Like?,2024-02-29 15:00:31+00:00,0 days 00:00:59,4597873,308035,2498,https://i.ytimg.com/vi/Oj_OwYR9jGQ/mqdefault.jpg,2024-02-29,15,59
isdLel273rQ,The Paradox of an Infinite Universe,2024-02-27 15:00:02+00:00,0 days 00:11:21,11535466,333786,13370,https://i.ytimg.com/vi/isdLel273rQ/mqdefault.jpg,2024-02-27,15,681
LrIRuqr_Ozg,What Happens AFTER Nuclear War?,2024-02-20 15:00:02+00:00,0 days 00:11:11,12916852,313520,20605,https://i.ytimg.com/vi/LrIRuqr_Ozg/mqdefault.jpg,2024-02-20,15,671
Pj20omaP7WI,Something in Your Kitchen Emits Antimatter,2024-02-15 15:00:16+00:00,0 days 00:01:00,13565957,739182,7287,https://i.ytimg.com/vi/Pj20omaP7WI/mqdefault.jpg,2024-02-15,15,60
W1Qyv6EI2hE,Can You Escape a Black Hole?,2024-02-08 15:00:34+00:00,0 days 00:00:46,4123282,228331,5123,https://i.ytimg.com/vi/W1Qyv6EI2hE/mqdefault.jpg,2024-02-08,15,46
wwSzpaTHyS8,Did The Future Already Happen? - The Paradox of Time,2024-01-30 15:00:03+00:00,0 days 00:12:35,14563384,460746,21669,https://i.ytimg.com/vi/wwSzpaTHyS8/mqdefault.jpg,2024-01-30,15,755
ld4K5nw9gsk,What If Our Sun Disappeared?,2024-01-25 15:00:41+00:00,0 days 00:00:57,7148696,371384,3461,https://i.ytimg.com/vi/ld4K5nw9gsk/mqdefault.jpg,2024-01-25,15,57
8_cAY_rQpzM,Map Projections – Why Do We Have Different Maps of the Earth?,2024-01-18 15:00:10+00:00,0 days 00:00:43,3311784,145735,1299,https://i.ytimg.com/vi/8_cAY_rQpzM/mqdefault.jpg,2024-01-18,15,43
6AWYgNArZZw,Let’s Shrink Earth to Half Its Size,2024-01-11 15:00:09+00:00,0 days 00:00:58,5289878,303787,2296,https://i.ytimg.com/vi/6AWYgNArZZw/mqdefault.jpg,2024-01-11,15,58
Chh2lgGe2YE,You Swallowed a Tapeworm – What Now?,2024-01-04 15:00:16+00:00,0 days 00:01:00,10606634,529173,5076,https://i.ytimg.com/vi/Chh2lgGe2YE/mqdefault.jpg,2024-01-04,15,60
qP65siuTLFc,Cooking a Chicken in a Particle Accelerator,2023-12-28 15:00:39+00:00,0 days 00:01:00,5326188,323041,2837,https://i.ytimg.com/vi/qP65siuTLFc/mqdefault.jpg,2023-12-28,15,60
Z_1Q0XB4X0Y,You Are The Center of The Universe (Literally),2023-12-17 15:00:53+00:00,0 days 00:12:31,8082049,232615,7481,https://i.ytimg.com/vi/Z_1Q0XB4X0Y/mqdefault.jpg,2023-12-17,15,751
nGggU-Cxhv0,Your Tattoo is INSIDE Your Immune System. Literally,2023-12-12 15:00:01+00:00,0 days 00:09:09,16045345,441129,15343,https://i.ytimg.com/vi/nGggU-Cxhv0/mqdefault.jpg,2023-12-12,15,549
HR2C_7G_yRQ,How To Destroy The Universe,2023-12-08 15:00:01+00:00,0 days 00:10:03,10013564,250879,8869,https://i.ytimg.com/vi/HR2C_7G_yRQ/mqdefault.jpg,2023-12-08,15,603
yDMZJ7LgrGY,The Moment kurzgesagt Changed Forever,2023-12-05 16:30:09+00:00,0 days 00:02:09,1981821,121153,2831,https://i.ytimg.com/vi/yDMZJ7LgrGY/mqdefault.jpg,2023-12-05,16,129
fuFlMtZmvY0,The Internet is Worse Than Ever – Now What?,2023-11-29 15:00:43+00:00,0 days 00:11:32,8869224,437960,25648,https://i.ytimg.com/vi/fuFlMtZmvY0/mqdefault.jpg,2023-11-29,15,692
FgnjdW-x7mQ,The Last Thing To Ever Happen In The Universe,2023-11-21 15:00:01+00:00,0 days 00:11:05,9137069,285727,11924,https://i.ytimg.com/vi/FgnjdW-x7mQ/mqdefault.jpg,2023-11-21,15,665
tybKnGZRwcU,How to Win an Interstellar War,2023-11-15 15:00:01+00:00,0 days 00:11:05,12224035,321455,14331,https://i.ytimg.com/vi/tybKnGZRwcU/mqdefault.jpg,2023-11-15,15,665
S7TUe5w6RHo,4.5 Billion Years in 1 Hour,2023-11-10 16:15:06+00:00,0 days 01:03:31,16730135,728672,31840,https://i.ytimg.com/vi/S7TUe5w6RHo/mqdefault.jpg,2023-11-10,16,3811
JOiGEI9pQBs,Ancient Life as Old as the Universe,2023-10-10 14:00:02+00:00,0 days 00:09:35,8146746,285881,10921,https://i.ytimg.com/vi/JOiGEI9pQBs/mqdefault.jpg,2023-10-10,14,575
LBudghsdByQ,Why Humans Are Vanishing,2023-10-04 14:00:02+00:00,0 days 00:13:07,12802628,372900,38712,https://i.ytimg.com/vi/LBudghsdByQ/mqdefault.jpg,2023-10-04,14,787
BxXzzAEEhCA,Would You Choose Life On Earth Or in Space?,2023-09-21 14:00:08+00:00,0 days 00:00:58,4641337,281775,5443,https://i.ytimg.com/vi/BxXzzAEEhCA/mqdefault.jpg,2023-09-21,14,58
4Stzj2_Rlo4,Are You A Dream Of The Universe?,2023-09-12 14:00:06+00:00,0 days 00:10:16,8259495,347914,17240,https://i.ytimg.com/vi/4Stzj2_Rlo4/mqdefault.jpg,2023-09-12,14,616
wmP3MBjsx20,How A Nuclear War Will Start - Minute by Minute,2023-08-22 14:00:08+00:00,0 days 00:08:54,10253110,339095,17391,https://i.ytimg.com/vi/wmP3MBjsx20/mqdefault.jpg,2023-08-22,14,534
cFslUSyfZPc,What Happens If You Destroy A Black Hole?,2023-08-16 13:59:54+00:00,0 days 00:10:53,13819710,351231,13858,https://i.ytimg.com/vi/cFslUSyfZPc/mqdefault.jpg,2023-08-16,13,653
Kr57ax0OWMk,The (Second) Deadliest Virus,2023-08-08 13:59:49+00:00,0 days 00:11:09,6880612,225617,10017,https://i.ytimg.com/vi/Kr57ax0OWMk/mqdefault.jpg,2023-08-08,13,669
28T91fgkpkA,How Many Moons Could Earth Handle?,2023-07-27 14:03:48+00:00,0 days 00:01:00,11411706,635658,4450,https://i.ytimg.com/vi/28T91fgkpkA/mqdefault.jpg,2023-07-27,14,60
4TlyzKBm5yw,What If You’re in Space without a Spacesuit?,2023-07-20 14:00:03+00:00,0 days 00:00:55,5949731,326986,3336,https://i.ytimg.com/vi/4TlyzKBm5yw/mqdefault.jpg,2023-07-20,14,55
kblSnj0p6bE,What Happens if Earth Suddenly Stops Rotating?,2023-07-13 14:00:34+00:00,0 days 00:00:58,6663556,404522,3475,https://i.ytimg.com/vi/kblSnj0p6bE/mqdefault.jpg,2023-07-13,14,58
FPKRFw2jrnU,Earth's Hidden Gem: The Astonishing Diversity of Fauna and Flora,2023-07-06 14:00:12+00:00,0 days 00:00:43,1261378,83287,446,https://i.ytimg.com/vi/FPKRFw2jrnU/mqdefault.jpg,2023-07-06,14,43
9FppammO1zk,The Most Dangerous Weapon Is Not Nuclear,2023-07-02 13:00:42+00:00,0 days 00:11:05,6406556,224744,11931,https://i.ytimg.com/vi/9FppammO1zk/mqdefault.jpg,2023-07-02,13,665
8Ey3_9N089k,The Next Atomic Bomb Is Made of DNA,2023-07-02 13:00:05+00:00,0 days 00:00:54,3858480,226543,2104,https://i.ytimg.com/vi/8Ey3_9N089k/mqdefault.jpg,2023-07-02,13,54
_arb8Fu3LXo,Are Your Friends More Popular than You?,2023-06-29 14:00:31+00:00,0 days 00:00:51,2945300,199093,1909,https://i.ytimg.com/vi/_arb8Fu3LXo/mqdefault.jpg,2023-06-29,14,51
XFM4tCakAXY,Let's Make Earth Twice as Large!,2023-06-22 14:00:21+00:00,0 days 00:01:00,11949051,680405,11502,https://i.ytimg.com/vi/XFM4tCakAXY/mqdefault.jpg,2023-06-22,14,60
uoJwt9l-XhQ,The Reason Why Cancer is so Hard to Beat,2023-06-18 13:00:41+00:00,0 days 00:10:25,8989622,279816,9827,https://i.ytimg.com/vi/uoJwt9l-XhQ/mqdefault.jpg,2023-06-18,13,625
BNvL_uZhTsY,Why Does Humanity Exist NOW?,2023-06-15 14:06:52+00:00,0 days 00:00:52,5401239,387373,4794,https://i.ytimg.com/vi/BNvL_uZhTsY/mqdefault.jpg,2023-06-15,14,52
V4Z8EdiJxgk,The Black Hole That Kills Galaxies - Quasars,2023-06-11 12:59:39+00:00,0 days 00:10:50,10778051,285190,7544,https://i.ytimg.com/vi/V4Z8EdiJxgk/mqdefault.jpg,2023-06-11,12,650
RzwaiFvyN6s,How do Lasers Work?,2023-06-08 14:00:16+00:00,0 days 00:01:00,12579124,712745,3261,https://i.ytimg.com/vi/RzwaiFvyN6s/mqdefault.jpg,2023-06-08,14,60
LNv4y3wPQA0,Earth as a Cube – What Would It Look Like?,2023-06-01 14:00:11+00:00,0 days 00:00:58,13013562,702082,8532,https://i.ytimg.com/vi/LNv4y3wPQA0/mqdefault.jpg,2023-06-01,14,58
hvmIZAvt3jE,How to Cut a Sandwich Perfectly – With Science,2023-05-25 14:00:28+00:00,0 days 00:00:53,18857712,804638,6740,https://i.ytimg.com/vi/hvmIZAvt3jE/mqdefault.jpg,2023-05-25,14,53
IayvE_jFgrc,Magnetic Pole Shift - A Doomsday Scenario?,2023-05-18 14:00:20+00:00,0 days 00:00:59,10537030,589237,5106,https://i.ytimg.com/vi/IayvE_jFgrc/mqdefault.jpg,2023-05-18,14,59
o2afhMs0aUg,Tardigrades Have Superpowers,2023-05-14 14:00:26+00:00,0 days 00:00:59,5940939,302927,1919,https://i.ytimg.com/vi/o2afhMs0aUg/mqdefault.jpg,2023-05-14,14,59
UKOxj8oP59w,How Tiny Can a Black Hole Be?,2023-05-11 14:00:15+00:00,0 days 00:00:55,12729622,677160,10739,https://i.ytimg.com/vi/UKOxj8oP59w/mqdefault.jpg,2023-05-11,14,55
zFhYJRqz_xk,Your Body Killed Cancer 5 Minutes Ago,2023-05-09 14:00:42+00:00,0 days 00:09:14,8978129,306066,11630,https://i.ytimg.com/vi/zFhYJRqz_xk/mqdefault.jpg,2023-05-09,14,554
pb9g6osg2aY,Why Is the Ocean Salty and Rivers Are Not?,2023-05-04 16:27:19+00:00,0 days 00:01:00,8127637,557235,3848,https://i.ytimg.com/vi/pb9g6osg2aY/mqdefault.jpg,2023-05-04,16,60
GDSf2h9_39I,Why Aliens Might Already Be On Their Way To Us,2023-04-11 14:00:45+00:00,0 days 00:10:58,9375162,294346,15510,https://i.ytimg.com/vi/GDSf2h9_39I/mqdefault.jpg,2023-04-11,14,658
1x-i9z617z4,How We Make Money on YouTube with 20M Subs,2023-03-28 14:00:05+00:00,0 days 00:09:58,5505551,359537,14476,https://i.ytimg.com/vi/1x-i9z617z4/mqdefault.jpg,2023-03-28,14,598
M-K7mxdN62M,What Actually Happens When You Are Sick?,2023-02-28 14:59:23+00:00,0 days 00:11:12,7670462,252410,12388,https://i.ytimg.com/vi/M-K7mxdN62M/mqdefault.jpg,2023-02-28,14,672
TYPFenJQciw,The Most Complex Language in the World,2023-02-14 14:59:37+00:00,0 days 00:11:55,6620256,275391,11712,https://i.ytimg.com/vi/TYPFenJQciw/mqdefault.jpg,2023-02-14,14,715
aeWyp2vXxqA,Black Hole Star – The Star That Shouldn't Exist,2022-12-15 15:00:12+00:00,0 days 00:09:57,14988764,423763,17783,https://i.ytimg.com/vi/aeWyp2vXxqA/mqdefault.jpg,2022-12-15,15,597
HpcTJW4ur54,How to Terraform Mars - WITH LASERS,2022-12-11 15:00:09+00:00,0 days 00:11:17,11000094,295995,15866,https://i.ytimg.com/vi/HpcTJW4ur54/mqdefault.jpg,2022-12-11,15,677
Qsbe1pD8ocE,The Horror of the Slaver Ant,2022-12-06 15:52:00+00:00,0 days 00:08:59,10151814,330679,10948,https://i.ytimg.com/vi/Qsbe1pD8ocE/mqdefault.jpg,2022-12-06,15,539
q4DF3j4saCE,The Most Extreme Explosion in the Universe,2022-11-23 15:00:13+00:00,0 days 00:09:29,11024594,273527,8564,https://i.ytimg.com/vi/q4DF3j4saCE/mqdefault.jpg,2022-11-23,15,569
Us2Z-WC9rao,Why Don't We Shoot Nuclear Waste Into Space?,2022-11-08 14:59:18+00:00,0 days 00:10:35,13809284,443073,18416,https://i.ytimg.com/vi/Us2Z-WC9rao/mqdefault.jpg,2022-11-08,14,635
fXb02MQ78yQ,The Biggest Eruptions That Changed Earth Forever,2022-10-18 13:59:41+00:00,0 days 00:09:59,12206572,314653,8041,https://i.ytimg.com/vi/fXb02MQ78yQ/mqdefault.jpg,2022-10-18,13,599
FfWtIaDtfYk,Let’s Travel to The Most Extreme Place in The Universe,2022-10-04 14:00:33+00:00,0 days 00:11:34,13678552,534902,14417,https://i.ytimg.com/vi/FfWtIaDtfYk/mqdefault.jpg,2022-10-04,14,694
I9hJ_Rux9y0,How To Make Friends,2022-09-06 13:59:36+00:00,0 days 00:12:09,7641625,351268,18380,https://i.ytimg.com/vi/I9hJ_Rux9y0/mqdefault.jpg,2022-09-06,13,729
W93XyXHI8Nw,Is Civilization on the Brink of Collapse?,2022-08-16 13:59:34+00:00,0 days 00:09:55,10993991,388618,24877,https://i.ytimg.com/vi/W93XyXHI8Nw/mqdefault.jpg,2022-08-16,13,595
4u5I8GYB79Y,The Deadliest Virus on Earth,2022-07-26 13:58:55+00:00,0 days 00:09:00,16347034,449826,19910,https://i.ytimg.com/vi/4u5I8GYB79Y/mqdefault.jpg,2022-07-26,13,540
LEENEFaVUzU,The Last Human – A Glimpse Into The Far Future,2022-06-28 14:00:23+00:00,0 days 00:12:31,14696400,535823,20670,https://i.ytimg.com/vi/LEENEFaVUzU/mqdefault.jpg,2022-06-28,14,751
75d_29QWELk,Change Your Life – One Tiny Step at a Time,2022-06-07 14:00:05+00:00,0 days 00:11:31,15187330,735356,12972,https://i.ytimg.com/vi/75d_29QWELk/mqdefault.jpg,2022-06-07,14,691
Pj-h6MEgE7I,You Are Not Where You Think You Are,2022-05-17 13:59:44+00:00,0 days 00:07:46,10465508,397563,14763,https://i.ytimg.com/vi/Pj-h6MEgE7I/mqdefault.jpg,2022-05-17,13,466
7OPg-ksxZ4Y,The Most Horrible Parasite: Brain Eating Amoeba,2022-05-03 13:59:29+00:00,0 days 00:10:40,14613553,456417,21871,https://i.ytimg.com/vi/7OPg-ksxZ4Y/mqdefault.jpg,2022-05-03,13,640
LxgMdjyw8uw,We WILL Fix Climate Change!,2022-04-05 13:59:18+00:00,0 days 00:14:11,11961765,621675,43909,https://i.ytimg.com/vi/LxgMdjyw8uw/mqdefault.jpg,2022-04-05,13,851
KRvv0QdruMQ,Are There Lost Alien Civilizations in Our Past?,2022-03-01 14:59:23+00:00,0 days 00:10:29,13998234,451278,16958,https://i.ytimg.com/vi/KRvv0QdruMQ/mqdefault.jpg,2022-03-01,14,629
lheapd7bgLA,What Happens if the Moon Crashes into Earth?,2022-02-08 14:59:49+00:00,0 days 00:10:28,21996030,548058,28727,https://i.ytimg.com/vi/lheapd7bgLA/mqdefault.jpg,2022-02-08,14,628
xAUJYP8tnRE,Why We Should NOT Look For Aliens - The Dark Forest,2021-12-14 15:00:03+00:00,0 days 00:10:31,17265437,641242,30209,https://i.ytimg.com/vi/xAUJYP8tnRE/mqdefault.jpg,2021-12-14,15,631
XFqn3uy238E,...And We'll Do it Again,2021-12-07 14:59:44+00:00,0 days 00:08:47,13704811,664065,25001,https://i.ytimg.com/vi/XFqn3uy238E/mqdefault.jpg,2021-12-07,14,527
F1Hq8eVOMHs,Is Meat Really that Bad?,2021-11-30 15:01:34+00:00,0 days 00:10:14,8940620,397356,44078,https://i.ytimg.com/vi/F1Hq8eVOMHs/mqdefault.jpg,2021-11-30,15,614
LmpuerlbJu0,You Are Immune Against Every Disease,2021-11-02 14:59:43+00:00,0 days 00:11:46,19276753,561364,25337,https://i.ytimg.com/vi/LmpuerlbJu0/mqdefault.jpg,2021-11-02,14,706
xaQJbozY_Is,What Dinosaurs ACTUALLY Looked Like?,2021-10-12 14:00:09+00:00,0 days 00:09:53,14577400,561812,21041,https://i.ytimg.com/vi/xaQJbozY_Is/mqdefault.jpg,2021-10-12,14,593
0FRVx_c9T0c,Two Chapters From Our New Book – Exclusive Preview!,2021-09-28 14:01:17+00:00,0 days 00:25:56,2086142,83461,4197,https://i.ytimg.com/vi/0FRVx_c9T0c/mqdefault.jpg,2021-09-28,14,1556
yiw6_JakZFc,Can YOU Fix Climate Change?,2021-09-22 13:59:24+00:00,0 days 00:15:50,14104334,718315,62357,https://i.ytimg.com/vi/yiw6_JakZFc/mqdefault.jpg,2021-09-22,13,950
1-NxodiGPCU,This Virus Shouldn't Exist (But it Does),2021-08-31 13:59:40+00:00,0 days 00:09:34,23630550,593015,20663,https://i.ytimg.com/vi/1-NxodiGPCU/mqdefault.jpg,2021-08-31,13,574
lXfEK8G8CUI,How The Immune System ACTUALLY Works – IMMUNE,2021-08-10 13:59:41+00:00,0 days 00:10:48,25656980,626044,31944,https://i.ytimg.com/vi/lXfEK8G8CUI/mqdefault.jpg,2021-08-10,13,648
0FH9cgRhQ-k,The Largest Black Hole in the Universe - Size Comparison,2021-08-03 13:59:22+00:00,0 days 00:13:44,31952163,718293,37393,https://i.ytimg.com/vi/0FH9cgRhQ-k/mqdefault.jpg,2021-08-03,13,824
G-WO-z-QuWI,How To Terraform Venus (Quickly),2021-07-06 14:00:16+00:00,0 days 00:12:42,22009477,570222,40448,https://i.ytimg.com/vi/G-WO-z-QuWI/mqdefault.jpg,2021-07-06,14,762
dFCbJmgeHmA,The Day the Dinosaurs Died – Minute by Minute,2021-06-15 14:09:03+00:00,0 days 00:12:02,22294482,698969,37663,https://i.ytimg.com/vi/dFCbJmgeHmA/mqdefault.jpg,2021-06-15,14,722
JXeJANDKwDc,When This Number Hits 5200 - You Will be Dead,2021-05-25 13:59:34+00:00,0 days 00:09:36,12420812,722478,43380,https://i.ytimg.com/vi/JXeJANDKwDc/mqdefault.jpg,2021-05-25,13,576
uzkD5SeuwzM,TRUE Limits Of Humanity – The Final Border We Will Never Cross,2021-05-11 14:00:16+00:00,0 days 00:11:41,23321613,881623,45087,https://i.ytimg.com/vi/uzkD5SeuwzM/mqdefault.jpg,2021-05-11,14,701
QqsLTNkzvaY,What If You Fall into a Black Hole?,2021-04-27 13:59:20+00:00,0 days 00:12:15,18857366,470855,19798,https://i.ytimg.com/vi/QqsLTNkzvaY/mqdefault.jpg,2021-04-27,13,735
EhAemz1v7dQ,Do we Need Nuclear Energy to Stop Climate Change?,2021-04-13 14:00:11+00:00,0 days 00:09:03,9667302,325712,26352,https://i.ytimg.com/vi/EhAemz1v7dQ/mqdefault.jpg,2021-04-13,14,543
VB_GWz25B3Q,What if the World turned to Gold? - The Gold Apocalypse,2021-03-09 14:59:36+00:00,0 days 00:09:17,15433890,556461,32698,https://i.ytimg.com/vi/VB_GWz25B3Q/mqdefault.jpg,2021-03-09,14,557
Jzfpyo-q-RM,Worst Nuclear Accidents in History,2021-02-02 15:02:01+00:00,0 days 00:09:13,10778605,406856,29936,https://i.ytimg.com/vi/Jzfpyo-q-RM/mqdefault.jpg,2021-02-02,15,553
qEfPBt9dU60,What if We Nuke the Moon?,2020-12-15 14:59:51+00:00,0 days 00:07:14,20481749,664646,34886,https://i.ytimg.com/vi/qEfPBt9dU60/mqdefault.jpg,2020-12-15,14,434
4b33NTAuF5E,Can You Upload Your Mind & Live Forever?,2020-12-10 14:54:18+00:00,0 days 00:14:34,12962829,517721,36300,https://i.ytimg.com/vi/4b33NTAuF5E/mqdefault.jpg,2020-12-10,14,874
gLZJlf5rHVs,What If Earth got Kicked Out of the Solar System? Rogue Earth,2020-12-01 15:00:41+00:00,0 days 00:10:00,20319133,542773,31554,https://i.ytimg.com/vi/gLZJlf5rHVs/mqdefault.jpg,2020-12-01,15,600
E1KkQrFEl2I,How Large Can a Bacteria get? Life & Size 3,2020-11-10 15:00:26+00:00,0 days 00:10:41,10702323,345519,11052,https://i.ytimg.com/vi/E1KkQrFEl2I/mqdefault.jpg,2020-11-10,15,641
dSu5sXmsur4,Geoengineering: A Horrible Idea We Might Have to Do,2020-10-27 15:00:02+00:00,0 days 00:09:18,11372549,404921,24308,https://i.ytimg.com/vi/dSu5sXmsur4/mqdefault.jpg,2020-10-27,15,558
CWu29PRCUvQ,When Time Became History - The Human Era,2020-10-06 14:00:12+00:00,0 days 00:11:23,10183145,405055,17876,https://i.ytimg.com/vi/CWu29PRCUvQ/mqdefault.jpg,2020-10-06,14,683
wbR-5mHI6bo,"Is It Too Late To Stop Climate Change? Well, it's Complicated.",2020-09-29 14:00:26+00:00,0 days 00:10:07,7147536,375692,41097,https://i.ytimg.com/vi/wbR-5mHI6bo/mqdefault.jpg,2020-09-29,14,607
3mnSDifDSxQ,The Largest Star in the Universe – Size Comparison,2020-09-22 15:17:30+00:00,0 days 00:11:59,35499350,785262,40278,https://i.ytimg.com/vi/3mnSDifDSxQ/mqdefault.jpg,2020-09-22,15,719
B3QTAgHlwEg,These Ants Use Their Babies As Glue Guns,2020-08-30 12:29:48+00:00,0 days 00:07:43,12483044,395520,20030,https://i.ytimg.com/vi/B3QTAgHlwEg/mqdefault.jpg,2020-08-30,12,463
y8XvQNt26KI,Unlimited Resources From Space – Asteroid Mining,2020-08-16 12:29:23+00:00,0 days 00:06:33,10984693,411125,29096,https://i.ytimg.com/vi/y8XvQNt26KI/mqdefault.jpg,2020-08-16,12,393
rhFK5_Nx9xY,What Do Alien Civilizations Look Like? The Kardashev Scale,2020-08-02 12:29:49+00:00,0 days 00:11:41,21327482,616896,33232,https://i.ytimg.com/vi/rhFK5_Nx9xY/mqdefault.jpg,2020-08-02,12,701
ck4RGeoHFko,What Is Intelligence? Where Does it Begin?,2020-07-12 12:30:23+00:00,0 days 00:09:45,11578876,419583,16518,https://i.ytimg.com/vi/ck4RGeoHFko/mqdefault.jpg,2020-07-12,12,585
ipVxxxqwBQw,Who Is Responsible For Climate Change? – Who Needs To Fix It?,2020-06-21 12:29:44+00:00,0 days 00:10:36,11383509,396673,45042,https://i.ytimg.com/vi/ipVxxxqwBQw/mqdefault.jpg,2020-06-21,12,636
oHHSSJDJ4oo,Could Solar Storms Destroy Civilization? Solar Flares & Coronal Mass Ejections,2020-06-07 12:31:34+00:00,0 days 00:08:23,15286855,464402,22987,https://i.ytimg.com/vi/oHHSSJDJ4oo/mqdefault.jpg,2020-06-07,12,503
YbgnlkJPga4,The Past We Can Never Return To – The Anthropocene Reviewed,2020-05-24 12:29:32+00:00,0 days 00:08:30,8905323,476458,14212,https://i.ytimg.com/vi/YbgnlkJPga4/mqdefault.jpg,2020-05-24,12,510
QImCld9YubE,"Why Are You Alive – Life, Energy & ATP",2020-05-10 12:30:08+00:00,0 days 00:10:16,11936363,446961,26073,https://i.ytimg.com/vi/QImCld9YubE/mqdefault.jpg,2020-05-10,12,616
BtN-goy9VOY,The Coronavirus Explained & What You Should Do,2020-03-19 15:37:18+00:00,0 days 00:08:35,89467796,1167786,72105,https://i.ytimg.com/vi/BtN-goy9VOY/mqdefault.jpg,2020-03-19,15,515
1AElONvi9WQ,Why Blue Whales Don't Get Cancer - Peto's Paradox,2020-03-01 13:30:00+00:00,0 days 00:07:07,27114064,870276,21599,https://i.ytimg.com/vi/1AElONvi9WQ/mqdefault.jpg,2020-03-01,13,427
uFk0mgljtns,How to Make a Kurzgesagt Video in 1200 Hours,2020-02-16 13:29:44+00:00,0 days 00:06:48,8939704,589575,18859,https://i.ytimg.com/vi/uFk0mgljtns/mqdefault.jpg,2020-02-16,13,408
oakWgLqCwUc,Milk. White Poison or Healthy Drink?,2020-01-26 13:30:02+00:00,0 days 00:09:15,22983662,682901,47422,https://i.ytimg.com/vi/oakWgLqCwUc/mqdefault.jpg,2020-01-26,13,555
v3y8AIEX_dU,How to Move the Sun: Stellar Engines,2019-12-22 13:30:06+00:00,0 days 00:08:39,19213286,569231,31529,https://i.ytimg.com/vi/v3y8AIEX_dU/mqdefault.jpg,2019-12-22,13,519
NMo3nZHVrZ4,Overpopulation & Africa,2019-12-15 13:30:10+00:00,0 days 00:07:43,10235683,317941,23002,https://i.ytimg.com/vi/NMo3nZHVrZ4/mqdefault.jpg,2019-12-15,13,463
WPPPFqsECz0,An Antidote to Dissatisfaction,2019-12-08 13:30:01+00:00,0 days 00:10:01,16718205,813540,25583,https://i.ytimg.com/vi/WPPPFqsECz0/mqdefault.jpg,2019-12-08,13,601
dqwpQarrDwk,"1,000km Cable to the Stars - The Skyhook",2019-11-17 13:30:03+00:00,0 days 00:07:00,12848282,410098,23923,https://i.ytimg.com/vi/dqwpQarrDwk/mqdefault.jpg,2019-11-17,13,420
udFxKZRyQt4,Neutron Stars – The Most Extreme Things that are not Black Holes,2019-11-10 13:30:02+00:00,0 days 00:07:26,22984312,550015,19079,https://i.ytimg.com/vi/udFxKZRyQt4/mqdefault.jpg,2019-11-10,13,446
5iPH-br_eJQ,What if We Nuke a City?,2019-10-13 12:30:00+00:00,0 days 00:08:56,29155337,862670,78773,https://i.ytimg.com/vi/5iPH-br_eJQ/mqdefault.jpg,2019-10-13,12,536
cqECNYmM23A,The Billion Ant Mega Colony and the Biggest War on Earth,2019-09-29 12:30:01+00:00,0 days 00:08:12,21959466,504136,26478,https://i.ytimg.com/vi/cqECNYmM23A/mqdefault.jpg,2019-09-29,12,492
PaErPyEnDvk,What’s Hiding at the Most Solitary Place on Earth? The Deep Sea,2019-09-15 12:30:01+00:00,0 days 00:11:20,25360962,652322,23094,https://i.ytimg.com/vi/PaErPyEnDvk/mqdefault.jpg,2019-09-15,12,680
h6fcK_fRYaI,The Egg - A Short Story,2019-09-01 12:30:02+00:00,0 days 00:08:06,35554560,2028598,183831,https://i.ytimg.com/vi/h6fcK_fRYaI/mqdefault.jpg,2019-09-01,12,486
7_e0CA_nhaE,The World War of the Ants – The Army Ant,2019-08-11 12:30:00+00:00,0 days 00:07:15,27662837,583639,26386,https://i.ytimg.com/vi/7_e0CA_nhaE/mqdefault.jpg,2019-08-11,12,435
BSypUV6QUNw,Tiny Bombs in your Blood - The Complement System,2019-07-28 12:30:54+00:00,0 days 00:07:35,12763290,468324,16357,https://i.ytimg.com/vi/BSypUV6QUNw/mqdefault.jpg,2019-07-28,12,455
FfgT6zx4k3Q,Could Your Phone Hurt You? Electromagnetic Pollution,2019-07-07 12:31:14+00:00,0 days 00:07:36,8079621,272497,12838,https://i.ytimg.com/vi/FfgT6zx4k3Q/mqdefault.jpg,2019-07-07,12,456
ouAccsTzlGU,Is Meat Bad for You? Is Meat Unhealthy?,2019-06-09 12:28:46+00:00,0 days 00:08:44,14576577,449851,38812,https://i.ytimg.com/vi/ouAccsTzlGU/mqdefault.jpg,2019-06-09,12,524
h4Uu5eyN6VU,Is the EU Democratic? Does Your Vote Matter?,2019-05-19 12:30:02+00:00,0 days 00:07:55,5607799,207059,20570,https://i.ytimg.com/vi/h4Uu5eyN6VU/mqdefault.jpg,2019-05-19,12,475
zBkVCpbNnkU,The Side Effects of Vaccines - How High is the Risk?,2019-05-12 12:30:04+00:00,0 days 00:10:56,17722840,667619,131390,https://i.ytimg.com/vi/zBkVCpbNnkU/mqdefault.jpg,2019-05-12,12,656
p_8yK2kmxoo,The Most Dangerous Stuff in the Universe - Strange Stars Explained,2019-04-14 12:30:02+00:00,0 days 00:07:10,23758200,508937,21850,https://i.ytimg.com/vi/p_8yK2kmxoo/mqdefault.jpg,2019-04-14,12,430
JyECrGp-Sw8,What If We Detonated All Nuclear Bombs at Once?,2019-03-31 12:30:00+00:00,0 days 00:07:06,32730261,1093507,52493,https://i.ytimg.com/vi/JyECrGp-Sw8/mqdefault.jpg,2019-03-31,12,426
H6u0VBqNBQ8,The Origin of Consciousness – How Unaware Things Became Aware,2019-03-17 13:30:12+00:00,0 days 00:09:41,18532147,531002,25255,https://i.ytimg.com/vi/H6u0VBqNBQ8/mqdefault.jpg,2019-03-17,13,581
JtUAAXe_0VI,Can You Trust Kurzgesagt Videos?,2019-03-03 13:30:28+00:00,0 days 00:06:10,7033161,529725,31519,https://i.ytimg.com/vi/JtUAAXe_0VI/mqdefault.jpg,2019-03-03,13,370
n3Xv_g3g-mA,Loneliness,2019-02-17 13:29:53+00:00,0 days 00:13:07,27837441,1259454,74494,https://i.ytimg.com/vi/n3Xv_g3g-mA/mqdefault.jpg,2019-02-17,13,787
uqKGREZs6-w,Building a Marsbase is a Horrible Idea: Let’s do it!,2019-02-03 13:29:29+00:00,0 days 00:07:56,21624568,444914,26703,https://i.ytimg.com/vi/uqKGREZs6-w/mqdefault.jpg,2019-02-03,13,476
8PmM6SUn7Es,Is Organic Really Better? Healthy Food or Trendy Scam?,2019-01-13 13:30:01+00:00,0 days 00:08:20,12490059,357543,20674,https://i.ytimg.com/vi/8PmM6SUn7Es/mqdefault.jpg,2019-01-13,13,500
M7CkdB5z9PY,Aliens under the Ice – Life on Rogue Planets,2018-12-27 13:30:00+00:00,0 days 00:07:15,14342358,352734,11121,https://i.ytimg.com/vi/M7CkdB5z9PY/mqdefault.jpg,2018-12-27,13,435
pP44EPBMb8A,How to Build a Dyson Sphere - The Ultimate Megastructure,2018-12-20 13:30:22+00:00,0 days 00:07:49,24185718,603583,41145,https://i.ytimg.com/vi/pP44EPBMb8A/mqdefault.jpg,2018-12-20,13,469
yS1ibDImAYU,End of Space – Creating a Prison for Humanity,2018-11-25 13:30:02+00:00,0 days 00:07:35,14562568,361084,17970,https://i.ytimg.com/vi/yS1ibDImAYU/mqdefault.jpg,2018-11-25,13,455
-O5kNPlUV7w,Why Beautiful Things Make us Happy – Beauty Explained,2018-10-23 12:30:00+00:00,0 days 00:07:37,11027525,422457,13789,https://i.ytimg.com/vi/-O5kNPlUV7w/mqdefault.jpg,2018-10-23,12,457
NxvQPzrg2Wg,Why Meat is the Best Worst Thing in the World 🍔,2018-09-30 13:03:53+00:00,0 days 00:07:45,13546040,492796,75913,https://i.ytimg.com/vi/NxvQPzrg2Wg/mqdefault.jpg,2018-09-30,13,465
NtQkz0aRDe8,How We Could Build a Moon Base TODAY – Space Colonization 1,2018-09-16 12:27:14+00:00,0 days 00:08:58,17280318,406674,31920,https://i.ytimg.com/vi/NtQkz0aRDe8/mqdefault.jpg,2018-09-16,12,538
9P6rdqiybaw,Wormholes Explained – Breaking Spacetime,2018-08-12 12:29:47+00:00,0 days 00:08:09,25452861,568077,24013,https://i.ytimg.com/vi/9P6rdqiybaw/mqdefault.jpg,2018-08-12,12,489
9tbxDgcv74c,What If You Detonated a Nuclear Bomb In The Marianas Trench? (Science not Fantasy),2018-07-22 12:30:03+00:00,0 days 00:06:03,36409415,705900,29124,https://i.ytimg.com/vi/9tbxDgcv74c/mqdefault.jpg,2018-07-22,12,363
RS7IzU2VJIQ,Plastic Pollution: How Humans are Turning the World into Plastic,2018-07-01 13:03:14+00:00,0 days 00:09:02,9989342,288709,14301,https://i.ytimg.com/vi/RS7IzU2VJIQ/mqdefault.jpg,2018-07-01,13,542
kP15q815Saw,3 Arguments Why Marijuana Should Stay Illegal Reviewed,2018-06-10 12:30:12+00:00,0 days 00:09:40,16165237,641603,63596,https://i.ytimg.com/vi/kP15q815Saw/mqdefault.jpg,2018-06-10,12,580
YI3tsmFsrOg,The Deadliest Being on Planet Earth – The Bacteriophage,2018-05-13 12:00:22+00:00,0 days 00:07:09,34815194,809558,52519,https://i.ytimg.com/vi/YI3tsmFsrOg/mqdefault.jpg,2018-05-13,12,429
ulCdoCfw-bY,The Black Hole Bomb and Black Hole Civilizations,2018-04-22 12:02:17+00:00,0 days 00:08:08,29324913,597539,26436,https://i.ytimg.com/vi/ulCdoCfw-bY/mqdefault.jpg,2018-04-22,12,488
5TbUxGZtwGI,Time: The History & Future of Everything – Remastered,2018-04-08 12:26:40+00:00,0 days 00:07:35,10453715,372240,19567,https://i.ytimg.com/vi/5TbUxGZtwGI/mqdefault.jpg,2018-04-08,12,455
rvskMHn0sqQ,A Selfish Argument for Making the World a Better Place – Egoistic Altruism,2018-03-18 13:10:34+00:00,0 days 00:07:15,11342045,419614,25633,https://i.ytimg.com/vi/rvskMHn0sqQ/mqdefault.jpg,2018-03-18,13,435
Da-2h2B4faU,String Theory Explained – What is The True Nature of Reality?,2018-03-01 13:30:51+00:00,0 days 00:08:00,26210171,712865,23286,https://i.ytimg.com/vi/Da-2h2B4faU/mqdefault.jpg,2018-03-01,13,480
8HslUzw35mc,Homeopathy Explained – Gentle Healing or Reckless Fraud?,2018-02-22 14:14:37+00:00,0 days 00:08:32,12063898,370163,29258,https://i.ytimg.com/vi/8HslUzw35mc/mqdefault.jpg,2018-02-22,14,512
UjtOGPJ0URM,Why Alien Life Would be our Doom - The Great Filter,2018-02-01 13:00:05+00:00,0 days 00:08:18,27531015,631612,46064,https://i.ytimg.com/vi/UjtOGPJ0URM/mqdefault.jpg,2018-02-01,13,498
MUWUHf-rzks,How to Make an Elephant Explode – The Size of Life 2,2017-12-21 13:38:50+00:00,0 days 00:06:55,9079752,262434,11332,https://i.ytimg.com/vi/MUWUHf-rzks/mqdefault.jpg,2017-12-21,13,415
kl39KHS07Xc,Universal Basic Income Explained – Free Money for Everybody? UBI,2017-12-07 14:08:08+00:00,0 days 00:10:06,10818782,374728,46515,https://i.ytimg.com/vi/kl39KHS07Xc/mqdefault.jpg,2017-12-07,14,606
16W7c0mb-rE,Emergence – How Stupid Things Become Smart Together,2017-11-16 15:01:58+00:00,0 days 00:07:31,9054057,292799,13714,https://i.ytimg.com/vi/16W7c0mb-rE/mqdefault.jpg,2017-11-16,15,451
MjdpR-TY6QU,How to Cure Aging – During Your Lifetime?,2017-11-03 13:33:42+00:00,0 days 00:07:21,7989692,263218,13726,https://i.ytimg.com/vi/MjdpR-TY6QU/mqdefault.jpg,2017-11-03,13,441
GoJsr4IwCm4,Why Age? Should We End Aging Forever?,2017-10-20 13:01:59+00:00,0 days 00:06:48,8961371,278954,29381,https://i.ytimg.com/vi/GoJsr4IwCm4/mqdefault.jpg,2017-10-20,13,408
VzPD009qTN4,How Bacteria Rule Over Your Body – The Microbiome,2017-10-05 12:39:18+00:00,0 days 00:07:38,10612461,269379,11546,https://i.ytimg.com/vi/VzPD009qTN4/mqdefault.jpg,2017-10-05,12,458
tlTKTTt47WE,Is Reality Real? The Simulation Argument,2017-09-21 12:33:24+00:00,0 days 00:08:46,21596768,528679,50278,https://i.ytimg.com/vi/tlTKTTt47WE/mqdefault.jpg,2017-09-21,12,526
J0ldO87Pprc,What Happens If We Bring the Sun to Earth?,2017-09-07 12:30:00+00:00,0 days 00:07:29,12699571,277170,11358,https://i.ytimg.com/vi/J0ldO87Pprc/mqdefault.jpg,2017-09-07,12,449
yWO-cvGETRQ,Why Black Holes Could Delete The Universe – The Information Paradox,2017-08-24 12:44:22+00:00,0 days 00:10:13,31574151,531173,31625,https://i.ytimg.com/vi/yWO-cvGETRQ/mqdefault.jpg,2017-08-24,12,613
f7KSfjv4Oq0,What Happens If We Throw an Elephant From a Skyscraper? Life & Size 1,2017-08-10 12:07:40+00:00,0 days 00:06:40,18502773,445863,18420,https://i.ytimg.com/vi/f7KSfjv4Oq0/mqdefault.jpg,2017-08-10,12,400
MBRqu0YOH14,Optimistic Nihilism,2017-07-26 12:16:28+00:00,0 days 00:07:26,18515905,977191,55230,https://i.ytimg.com/vi/MBRqu0YOH14/mqdefault.jpg,2017-07-26,12,446
WSKi8HfcxEk,The Rise of the Machines – Why Automation is Different this Time,2017-06-08 16:28:31+00:00,0 days 00:10:57,14971942,409184,30096,https://i.ytimg.com/vi/WSKi8HfcxEk/mqdefault.jpg,2017-06-08,16,657
qsN1LglrX9s,The Last Light Before Eternal Darkness – White Dwarfs & Black Dwarfs,2017-05-04 12:17:32+00:00,0 days 00:06:29,15713048,357232,18897,https://i.ytimg.com/vi/qsN1LglrX9s/mqdefault.jpg,2017-05-04,12,389
XxutY7ss1v4,Is the European Union Worth It Or Should We End It?,2017-04-13 12:01:11+00:00,0 days 00:07:42,7999560,289590,43061,https://i.ytimg.com/vi/XxutY7ss1v4/mqdefault.jpg,2017-04-13,12,462
7TmcXYp8xu4,Are GMOs Good or Bad? Genetic Engineering & Our Food,2017-03-30 14:00:42+00:00,0 days 00:09:03,14341616,437709,35657,https://i.ytimg.com/vi/7TmcXYp8xu4/mqdefault.jpg,2017-03-30,14,543
DHyUYg8X31c,Do Robots Deserve Rights? What if Machines Become Conscious?,2017-02-23 13:31:05+00:00,0 days 00:06:35,7995710,230741,30661,https://i.ytimg.com/vi/DHyUYg8X31c/mqdefault.jpg,2017-02-23,13,395
RVMZxH1TIIQ,Why Earth Is A Prison and How To Escape It,2017-02-01 13:22:31+00:00,0 days 00:06:57,12429900,316619,19554,https://i.ytimg.com/vi/RVMZxH1TIIQ/mqdefault.jpg,2017-02-01,13,417
QsBT5EQt348,Overpopulation – The Human Explosion Explained,2016-12-22 13:38:26+00:00,0 days 00:06:40,13901122,393680,28747,https://i.ytimg.com/vi/QsBT5EQt348/mqdefault.jpg,2016-12-22,13,400
czgOWmtGVGs,A New History for Humanity – The Human Era,2016-12-07 17:07:49+00:00,0 days 00:07:09,10058520,357260,25131,https://i.ytimg.com/vi/czgOWmtGVGs/mqdefault.jpg,2016-12-07,17,429
qNWWrDBRBqk,The Most Gruesome Parasites – Neglected Tropical Diseases – NTDs,2016-11-30 13:36:44+00:00,0 days 00:05:43,13240381,367207,13249,https://i.ytimg.com/vi/qNWWrDBRBqk/mqdefault.jpg,2016-11-30,13,343
mZsaaturR6E,Fusion Power Explained – Future or Failure,2016-11-10 17:26:44+00:00,0 days 00:06:16,14977322,374920,16417,https://i.ytimg.com/vi/mZsaaturR6E/mqdefault.jpg,2016-11-10,17,376
ijFm6DxNVyI,The Most Efficient Way to Destroy the Universe – False Vacuum,2016-10-21 12:56:37+00:00,0 days 00:05:59,16397011,435317,18076,https://i.ytimg.com/vi/ijFm6DxNVyI/mqdefault.jpg,2016-10-21,12,359
TnzcwTyr6cE,Genetic Engineering and Diseases – Gene Drive & Malaria,2016-09-21 12:36:46+00:00,0 days 00:07:04,9870141,241228,19604,https://i.ytimg.com/vi/TnzcwTyr6cE/mqdefault.jpg,2016-09-21,12,424
jAhjPd4uNFY,Genetic Engineering Will Change Everything Forever – CRISPR,2016-08-10 12:01:38+00:00,0 days 00:16:04,30599073,641182,70747,https://i.ytimg.com/vi/jAhjPd4uNFY/mqdefault.jpg,2016-08-10,12,964
RLykC1VN7NY,Death From Space — Gamma-Ray Bursts Explained,2016-07-31 12:00:40+00:00,0 days 00:06:10,15010093,313853,17557,https://i.ytimg.com/vi/RLykC1VN7NY/mqdefault.jpg,2016-07-31,12,370
dGiQaabX3_o,What Happened Before History? Human Origins,2016-06-23 12:04:23+00:00,0 days 00:09:39,23939365,595173,48946,https://i.ytimg.com/vi/dGiQaabX3_o/mqdefault.jpg,2016-06-23,12,579
JQVmkDUkZT4,What Are You?,2016-05-31 13:24:38+00:00,0 days 00:06:28,15920315,409653,21484,https://i.ytimg.com/vi/JQVmkDUkZT4/mqdefault.jpg,2016-05-31,13,388
ZL4yYHdDSWs,How Far Can We Go? Limits of Humanity (Old Version – Watch the New One),2016-05-12 14:28:36+00:00,0 days 00:07:16,18335929,416633,30337,https://i.ytimg.com/vi/ZL4yYHdDSWs/mqdefault.jpg,2016-05-12,14,436
V9_PjdU3Mpo,Safe and Sorry – Terrorism & Mass Surveillance,2016-04-14 19:51:08+00:00,0 days 00:06:14,4741120,185142,12493,https://i.ytimg.com/vi/V9_PjdU3Mpo/mqdefault.jpg,2016-04-14,19,374
qPQQwqGWktE,Space Elevator – Science Fiction or the Future of Mankind?,2016-04-08 16:40:30+00:00,0 days 00:05:26,8262337,171203,8186,https://i.ytimg.com/vi/qPQQwqGWktE/mqdefault.jpg,2016-04-08,16,326
xZbcwi7SfZE,The Antibiotic Apocalypse Explained,2016-03-16 17:13:52+00:00,0 days 00:05:58,8697888,202063,14199,https://i.ytimg.com/vi/xZbcwi7SfZE/mqdefault.jpg,2016-03-16,17,358
wJUXLqNHCaI,Why The War on Drugs Is a Huge Failure,2016-03-01 17:22:49+00:00,0 days 00:06:26,11172873,431186,26174,https://i.ytimg.com/vi/wJUXLqNHCaI/mqdefault.jpg,2016-03-01,17,386
LS-VPyLaJFM,The Last Star in the Universe – Red Dwarfs Explained,2016-01-31 11:45:37+00:00,0 days 00:05:51,13807238,237158,12812,https://i.ytimg.com/vi/LS-VPyLaJFM/mqdefault.jpg,2016-01-31,11,351
X9otDixAtFw,What Is Something?,2015-12-23 13:21:57+00:00,0 days 00:05:34,7864196,217618,11016,https://i.ytimg.com/vi/X9otDixAtFw/mqdefault.jpg,2015-12-23,13,334
e-P5IFTqB98,Black Holes Explained – From Birth to Death,2015-12-15 16:33:55+00:00,0 days 00:05:56,27325474,401526,17601,https://i.ytimg.com/vi/e-P5IFTqB98/mqdefault.jpg,2015-12-15,16,356
JhHMJCUmq28,Quantum Computers Explained – Limits of Human Technology,2015-12-08 15:32:12+00:00,0 days 00:07:17,19289865,455291,18893,https://i.ytimg.com/vi/JhHMJCUmq28/mqdefault.jpg,2015-12-08,15,437
t7tA3NNKF0Q,How Facebook is Stealing Billions of Views,2015-11-10 16:54:39+00:00,0 days 00:05:02,10039310,421054,20532,https://i.ytimg.com/vi/t7tA3NNKF0Q/mqdefault.jpg,2015-11-10,16,302
IXxZRZxafEQ,What Is Light?,2015-10-15 13:15:46+00:00,0 days 00:04:39,9809801,198275,8160,https://i.ytimg.com/vi/IXxZRZxafEQ/mqdefault.jpg,2015-10-15,13,279
QAa2O_8wBUQ,What is Dark Matter and Dark Energy?,2015-08-06 12:49:29+00:00,0 days 00:06:21,12224466,273434,12454,https://i.ytimg.com/vi/QAa2O_8wBUQ/mqdefault.jpg,2015-08-06,12,381
8nHBGFKLHZQ,What if there was a black hole in your pocket?,2015-07-16 13:21:45+00:00,0 days 00:03:38,15872745,297822,14489,https://i.ytimg.com/vi/8nHBGFKLHZQ/mqdefault.jpg,2015-07-16,13,218
GqA42M4RtxE,"The Death Of Bees Explained – Parasites, Poison and Humans",2015-07-09 12:56:13+00:00,0 days 00:06:12,15387081,206766,13840,https://i.ytimg.com/vi/GqA42M4RtxE/mqdefault.jpg,2015-07-09,12,372
1fQkVqno-uI,The Fermi Paradox II — Solutions and Ideas – Where Are All The Aliens?,2015-06-04 12:42:46+00:00,0 days 00:06:17,17111111,391104,19296,https://i.ytimg.com/vi/1fQkVqno-uI/mqdefault.jpg,2015-06-04,12,377
sNhhvQGsMEc,The Fermi Paradox — Where Are All The Aliens? (1/2),2015-05-06 12:55:55+00:00,0 days 00:06:21,35029764,735997,42971,https://i.ytimg.com/vi/sNhhvQGsMEc/mqdefault.jpg,2015-05-06,12,381
HEYbgyL5n1g,3 Reasons Why Nuclear Energy Is Terrible! 2/3,2015-04-01 12:19:54+00:00,0 days 00:03:36,4947997,73360,5967,https://i.ytimg.com/vi/HEYbgyL5n1g/mqdefault.jpg,2015-04-01,12,216
pVbLlnmxIbY,3 Reasons Why Nuclear Energy Is Awesome! 3/3,2015-04-01 12:19:49+00:00,0 days 00:03:47,4810111,98412,6687,https://i.ytimg.com/vi/pVbLlnmxIbY/mqdefault.jpg,2015-04-01,12,227
rcOFV4y5z8c,Nuclear Energy Explained: How does it work? 1/3,2015-03-26 13:24:03+00:00,0 days 00:04:44,8071519,120067,4508,https://i.ytimg.com/vi/rcOFV4y5z8c/mqdefault.jpg,2015-03-26,13,284
fTTGALaRZoc,Banking Explained – Money and Credit,2015-03-12 13:28:00+00:00,0 days 00:06:10,10815263,205399,8090,https://i.ytimg.com/vi/fTTGALaRZoc/mqdefault.jpg,2015-03-12,13,370
y0opgc1WoS4,Measles Explained — Vaccinate or Not?,2015-02-24 15:09:20+00:00,0 days 00:05:34,10057310,137476,17259,https://i.ytimg.com/vi/y0opgc1WoS4/mqdefault.jpg,2015-02-24,15,334
_lNF3_30lUE,How Small Is An Atom? Spoiler: Very Small.,2015-01-20 15:33:09+00:00,0 days 00:04:58,9837269,159392,6357,https://i.ytimg.com/vi/_lNF3_30lUE/mqdefault.jpg,2015-01-20,15,298
Hug0rfFC_L8,The Ultimate Conspiracy Debunker,2014-12-18 14:02:27+00:00,0 days 00:02:03,8318757,213179,17490,https://i.ytimg.com/vi/Hug0rfFC_L8/mqdefault.jpg,2014-12-18,14,123
QOCaacO8wus,What Is Life? Is Death Real?,2014-12-11 14:40:48+00:00,0 days 00:05:57,14195147,303735,21433,https://i.ytimg.com/vi/QOCaacO8wus/mqdefault.jpg,2014-12-11,14,357
sRv19gkZ4E0,The Ebola Virus Explained — How Your Body Fights For Survival,2014-11-06 13:54:12+00:00,0 days 00:05:31,13880424,234806,15269,https://i.ytimg.com/vi/sRv19gkZ4E0/mqdefault.jpg,2014-11-06,13,331
NbuUW9i-mHs,Is War Over? — A Paradox Explained,2014-10-09 13:11:55+00:00,0 days 00:05:46,12727802,309212,28090,https://i.ytimg.com/vi/NbuUW9i-mHs/mqdefault.jpg,2014-10-09,13,346
ZW3aV7U-aik,Atoms As Big As Mountains — Neutron Stars Explained,2014-09-03 14:03:58+00:00,0 days 00:05:11,8274081,173461,8171,https://i.ytimg.com/vi/ZW3aV7U-aik/mqdefault.jpg,2014-09-03,14,311
JGXi_9A__Vc,Everything You Need to Know About Planet Earth,2014-08-04 12:56:42+00:00,0 days 00:07:22,13928025,230342,12781,https://i.ytimg.com/vi/JGXi_9A__Vc/mqdefault.jpg,2014-08-04,12,442
zQGOcOUBi6s,The Immune System Explained I – Bacteria Infection,2014-07-01 16:06:05+00:00,0 days 00:07:49,54491868,543751,32472,https://i.ytimg.com/vi/zQGOcOUBi6s/mqdefault.jpg,2014-07-01,16,469
AQPlREDW-Ro,"Iraq Explained -- ISIS, Syria and War",2014-06-19 15:09:17+00:00,0 days 00:04:36,8178569,138671,18249,https://i.ytimg.com/vi/AQPlREDW-Ro/mqdefault.jpg,2014-06-19,15,276
PKMQzkIiB0Y,Are You Alone? (In The Universe),2014-06-02 12:30:01+00:00,0 days 00:06:44,5444962,118178,7062,https://i.ytimg.com/vi/PKMQzkIiB0Y/mqdefault.jpg,2014-06-02,12,404
cR9uphgMZ8U,How to catch a Dwarf Planet -- Triton MM#3,2014-05-26 13:00:08+00:00,0 days 00:02:07,4299322,50351,1946,https://i.ytimg.com/vi/cR9uphgMZ8U/mqdefault.jpg,2014-05-26,13,127
Pw0IZg7_4mo,The Moons of Mars Explained -- Phobos & Deimos MM#2,2014-05-12 12:50:28+00:00,0 days 00:01:55,4485961,67250,2546,https://i.ytimg.com/vi/Pw0IZg7_4mo/mqdefault.jpg,2014-05-12,12,115
Tqt9hZcWhJM,How Big is the Moon? MM#1,2014-05-05 10:59:23+00:00,0 days 00:01:40,2477156,37819,1323,https://i.ytimg.com/vi/Tqt9hZcWhJM/mqdefault.jpg,2014-05-05,10,100
21eFwbb48sE,Who Invented the Internet? And Why?,2014-04-10 12:00:04+00:00,0 days 00:06:33,3101242,74645,6132,https://i.ytimg.com/vi/21eFwbb48sE/mqdefault.jpg,2014-04-10,12,393
wNDGgL73ihY,The Beginning of Everything -- The Big Bang,2014-03-03 15:01:45+00:00,0 days 00:05:55,15328752,268478,43859,https://i.ytimg.com/vi/wNDGgL73ihY/mqdefault.jpg,2014-03-03,15,355
4_aOIA-vyBo,Three Ways to Destroy the Universe,2014-02-03 16:35:03+00:00,0 days 00:06:17,28235124,632512,47473,https://i.ytimg.com/vi/4_aOIA-vyBo/mqdefault.jpg,2014-02-03,16,377
2XkV6IpV2Y0,The History and Future of Everything -- Time,2013-12-19 16:21:33+00:00,0 days 00:07:10,7500520,185197,13258,https://i.ytimg.com/vi/2XkV6IpV2Y0/mqdefault.jpg,2013-12-19,16,430
F3QpgXBtDeo,How The Stock Exchange Works (For Dummies),2013-11-28 17:03:32+00:00,0 days 00:03:34,8547772,132404,6808,https://i.ytimg.com/vi/F3QpgXBtDeo/mqdefault.jpg,2013-11-28,17,214
UuGrBhK2c7U,The Gulf Stream Explained,2013-10-11 19:11:39+00:00,0 days 00:05:04,6327794,66569,2008,https://i.ytimg.com/vi/UuGrBhK2c7U/mqdefault.jpg,2013-10-11,19,304
Uti2niW2BRA,Fracking explained: opportunity or danger,2013-09-03 09:12:24+00:00,0 days 00:05:03,7461693,102428,8088,https://i.ytimg.com/vi/Uti2niW2BRA/mqdefault.jpg,2013-09-03,9,303
KsF_hdjWJjo,The Solar System -- our home in space,2013-08-22 13:24:56+00:00,0 days 00:07:21,6580891,85079,6151,https://i.ytimg.com/vi/KsF_hdjWJjo/mqdefault.jpg,2013-08-22,13,441
hOfRN0KihOU,How Evolution works,2013-07-11 14:09:52+00:00,0 days 00:11:48,11349907,256541,77190,https://i.ytimg.com/vi/hOfRN0KihOU/mqdefault.jpg,2013-07-11,14,708
